{"loss": [1.2803187375037086, 0.8423025844112927, 0.8070122799336515, 0.7912322630945421, 0.7757429747392011, 0.7719487127878808, 0.7616064872173284, 0.7569166832412315, 0.744696780387929, 0.7438876062039508, 0.7406134907772999, 0.7352868363557272, 0.7279912865714522, 0.7291263688479038, 0.7260888185722149, 0.7170561724940673, 0.7123861070500305, 0.7226365405202702, 0.7032431919448423, 0.7138105381798271, 0.7010639883035066, 0.6919633787988827, 0.689117590007403, 0.6939165037988827, 0.6787298138567943, 0.675435174498337, 0.6752792553396414, 0.6642381708353561, 0.6591740475585129, 0.651993491160159, 0.6553525037718135, 0.6445370621239113, 0.6403309210246761, 0.6288522219815791, 0.6283647072236269, 0.6148182630538941, 0.6017855454754356, 0.6021931893778163, 0.5883547487637855, 0.5813374896712651, 0.5691226961202179, 0.5637001538118779, 0.5536177202565781, 0.5428860230161654, 0.5313530472335436, 0.5282884113046508, 0.5114840559612047, 0.5059235548341511, 0.4953252248416673, 0.4895824559476991, 0.48245115224888785, 0.47495628011147706, 0.46540438749932295, 0.4604403067503544, 0.45179002971838644], "val_loss": [0.2702775964513421, 0.21669333707541227, 0.25987443067133426, 0.21180960470810534, 0.208411427680403, 0.2212697689421475, 0.20770222283899784, 0.19965784763917327, 0.20349029945209623, 0.20291212443262338, 0.2168812514282763, 0.20240073204040526, 0.19639507243409754, 0.2091929180547595, 0.19892872562631964, 0.19595173997804521, 0.21487380852922797, 0.19577836031094192, 0.1971692593768239, 0.2032116401940584, 0.19525321582332253, 0.2047204662114382, 0.1956922528333962, 0.196103953756392, 0.19618477523326874, 0.20893389992415906, 0.19305595820769667, 0.19963566260412335, 0.22221739599481224, 0.19113903120160103, 0.19372584195807577, 0.1920608265325427, 0.2000885270535946, 0.1931577455252409, 0.1903763527981937, 0.1987569212913513, 0.20528550688177347, 0.19571320340037346, 0.20165702095255256, 0.1967029619961977, 0.20888852532953023, 0.19493259666487575, 0.20889434181153774, 0.2067387538962066, 0.20288119399920107, 0.19876472353935243, 0.2009736836887896, 0.20485974606126547, 0.20022012554109098, 0.20565274991095067, 0.20758914714679122, 0.21032572109252215, 0.19988145306706429, 0.20027058804407716, 0.21055426821112633]}