{"loss": [1.263256640071111, 0.8309734511849106, 0.8086205278800813, 0.800712796868078, 0.7882647081716171, 0.7808897792898266, 0.76935441517672, 0.7600962436751814, 0.7501970516530094, 0.7468524163921937, 0.7399641651980924, 0.7422430648314242, 0.7366176851537843, 0.7300402760505676, 0.7251493582267635, 0.7094396438030217, 0.7102541910496769, 0.7018137164068537, 0.7039717071103734, 0.6983786354791249, 0.6853287911967726, 0.6810018347588596, 0.6794008605527562, 0.6664616667671709, 0.6665617606103026, 0.6520208703761069, 0.6471708954959515, 0.6369657088194461, 0.6373236783687642, 0.6226024952155865, 0.6145988786062657, 0.5946094178600817, 0.5904861773876164, 0.5698896837550284, 0.5527487058907945, 0.5477313686285588, 0.5387283509140772, 0.5225504120848826, 0.5073172193094595, 0.5010392454286284, 0.4929898238339961], "val_loss": [0.23183073019608855, 0.21841015201061964, 0.21208032928407192, 0.21167250806465746, 0.21534795640036464, 0.21962300464510917, 0.20932684261351825, 0.2073634416796267, 0.2013587445951998, 0.2090927458368242, 0.23142536217346787, 0.2183368912898004, 0.2173041319474578, 0.20338811380788685, 0.20748329125344753, 0.22202633135020733, 0.2177270796149969, 0.21540965065360068, 0.20183600764721632, 0.2033520837314427, 0.19394482914358377, 0.20206590238958597, 0.20691070696339012, 0.2049030939117074, 0.20153055228292943, 0.1949889851734042, 0.20545605504885317, 0.2029616218060255, 0.19711398622021079, 0.23313374295830727, 0.21953065562993287, 0.20885323835536837, 0.20402965741232038, 0.2070018052123487, 0.20385901890695096, 0.21497239787131547, 0.21257519125938415, 0.21115702679380774, 0.22572928220033645, 0.20760894604027272, 0.21065146178007127]}