{"loss": [1.1136161756831289, 0.8375582702901979, 0.8142233565943131, 0.8271257196041133, 0.8114759847817832, 0.794990992467135, 0.785176744129484, 0.7839928556356999, 0.7740753398036325, 0.7745334317352598, 0.7656756658427762, 0.7594514656540574, 0.7499713363236938, 0.7456035663355265, 0.747326879153978, 0.7411777915149335, 0.7405532163499996, 0.7295784776968672, 0.7252002639091567, 0.7121382922131494, 0.7167991423448979, 0.7144790283102074, 0.7034824785412542, 0.7000078771288032, 0.6992180112971376, 0.6924980739094564, 0.6869073871745179, 0.6882992909838822, 0.677868025073942, 0.672409142484728, 0.6721316958894793, 0.663153627139843, 0.655894390636722, 0.6547488205874993, 0.6438486947129104, 0.6429158689170483, 0.6359810745479255, 0.6269819489378013, 0.6266479313373565, 0.6153248909688154, 0.610590589441211, 0.6037535009794678, 0.5949350979549206, 0.59222964016807, 0.5787140763358565, 0.5719491766383317, 0.5633744161650045, 0.5566265862509114, 0.5485584103903234, 0.5393951461015158, 0.5308609375890517, 0.5220223209715837, 0.5141696555330264, 0.5044180928871331, 0.502277389188476, 0.49202423008861923, 0.48420037875901784, 0.4819718032088501, 0.4712524307879391, 0.4639652121935459, 0.4601762016087968, 0.45445475065155533, 0.4493084198986458, 0.4415554199787165, 0.4398590225257621, 0.42982121678377616, 0.42683145257810884, 0.42124224770937535, 0.41476345989877816, 0.4141290701382997, 0.4080693130856318], "val_loss": [0.23451172076165677, 0.24199319379404188, 0.21813437538221478, 0.21549068652093412, 0.2173664410598576, 0.2150213232729584, 0.22763973735272885, 0.20712391808629035, 0.20863912804052234, 0.208159021101892, 0.21018200758844613, 0.20595233598724008, 0.20695118634030224, 0.20683772033080458, 0.20135406740009784, 0.20297966906800866, 0.2064226357266307, 0.2126499380916357, 0.20575240226462482, 0.1988095911219716, 0.2120714422315359, 0.20998499337583781, 0.19637767737731338, 0.21386705636978148, 0.19753408562391997, 0.20030053351074456, 0.1944847640581429, 0.19770991010591388, 0.19701444311067462, 0.20482718609273434, 0.20400709388777613, 0.1925275208428502, 0.19321273565292357, 0.1934495247900486, 0.19741658614948393, 0.1959137598518282, 0.19891759287565947, 0.207560708373785, 0.19714751085266471, 0.19200054183602333, 0.20001565646380187, 0.18997342698276043, 0.18983052279800178, 0.19276189468801022, 0.19689337220042943, 0.19543820545077323, 0.20569845717400312, 0.20086602475494147, 0.1974884790368378, 0.19625124782323838, 0.18962337234988808, 0.1986027848906815, 0.19792369166389107, 0.19920425079762935, 0.2043484091758728, 0.20050667710602282, 0.19939284324645995, 0.19532304722815752, 0.2074506264179945, 0.2129216780886054, 0.2203458935022354, 0.2034487221390009, 0.20622944515198469, 0.21559718567878008, 0.20831852238625287, 0.20523587409406902, 0.21472209841012954, 0.19995312690734862, 0.20634032152593135, 0.2206345185637474, 0.20924816047772765]}