{"loss": [1.1329642502677362, 0.83919604819342, 0.8287786490869838, 0.8137674387717089, 0.8036376246553383, 0.7975719429009798, 0.7884172036158328, 0.7872689902387707, 0.7876116485785175, 0.781246255091484, 0.777456718564823, 0.7699525307345864, 0.7708112221285207, 0.7599782353994862, 0.7617313726848325, 0.7574007083248618, 0.7486985418575489, 0.7401186833713228, 0.736132016955622, 0.7293784991400132, 0.7335827259827923, 0.7272397130925135, 0.7237394339990931, 0.7117161695925606, 0.7158824683025183, 0.7033546133941373, 0.7033923540683772, 0.6962600123803347, 0.6999126239722928, 0.6907397805460241, 0.684286579272605, 0.6784355606464361, 0.6785769125878416, 0.6741445755721718, 0.6736555972636141, 0.6574258064592121, 0.6506520876031838, 0.6470149021274996, 0.6457411317241113, 0.6427797132769957, 0.6318497939220328, 0.6222877276654275, 0.6198035198331668, 0.6135382106367326, 0.6051722884178161, 0.6024055181354876, 0.592845523160025, 0.5852690350930423, 0.5765756434162721, 0.5694129458326378, 0.5633593939392771, 0.5510273055525016, 0.5444134799060443, 0.5404924987957177, 0.5277246254564121, 0.5221967543197783, 0.518516925549665, 0.5093902383419062, 0.5009964251755089, 0.4904892276059713, 0.48612521026308175, 0.4771580197953231, 0.47751911768060645, 0.46566053699973403, 0.4633550311950658, 0.4560779401798122, 0.4528634233190524, 0.44553727649695035, 0.44009386553669605, 0.4353472570709835], "val_loss": [0.22427938133478165, 0.2490154465660453, 0.22911158492788672, 0.2233902746811509, 0.21896203653886914, 0.21394900735467673, 0.21629347279667854, 0.21019921246916057, 0.22523368783295156, 0.2141877394169569, 0.2152505612000823, 0.22017563041299582, 0.21543181659653782, 0.22358755636960267, 0.2102174752391875, 0.20753728253766895, 0.22074303384870292, 0.2059131508693099, 0.20127109428867698, 0.20453497543931007, 0.21066163340583444, 0.20586051056161522, 0.20674920827150345, 0.19909498021006583, 0.20045301038771868, 0.1981356531381607, 0.19612303478643298, 0.19914159942418336, 0.1979961355216801, 0.19907540921121836, 0.20246286457404494, 0.20523400492966176, 0.20470511000603436, 0.19954111715778708, 0.1962878883816302, 0.1910986416041851, 0.19746638322249055, 0.20699635669589042, 0.1979176822118461, 0.19181950138881804, 0.1940659373998642, 0.19389912933111192, 0.20807219818234443, 0.1893901710398495, 0.1932358375750482, 0.1911054203286767, 0.19099282938987017, 0.19724261276423932, 0.19965455830097198, 0.18759751236066222, 0.1931534180417657, 0.1914886748418212, 0.19473436204716563, 0.20090239886194466, 0.19275022950023413, 0.19502764837816358, 0.197267347574234, 0.1931929280050099, 0.19658333715051413, 0.19682011790573598, 0.19913729289546608, 0.19781909734010697, 0.2002671563066542, 0.20266310535371304, 0.20095206974074245, 0.19863092377781869, 0.20853483164682984, 0.19928769869729876, 0.2066183051094413, 0.20031059049069883]}