{"loss": [1.1828692936739384, 0.8249219951250695, 0.8038726082700767, 0.7854134296739338, 0.7862361934800811, 0.7596999556023554, 0.7554806306662148, 0.7609869619078984, 0.7505417928000949, 0.74371405646501, 0.7363109871646426, 0.7293938320204122, 0.7312081189739783, 0.7227342983744792, 0.7176070442262864, 0.7279628971159853, 0.7069493407445238, 0.7043728222910142, 0.7070078908212927, 0.6905936528910075, 0.6953395601534685, 0.69832166899119, 0.6880380805754504, 0.6878315654416748, 0.6824422902618812, 0.6718848171613074, 0.6600955405772128, 0.6553696815146516, 0.6587969662337904, 0.6516420890558634, 0.6355889344846966, 0.6334046740010875, 0.6221281776759798, 0.6166999996497932, 0.620119960971226, 0.599240797560736, 0.592954727711267, 0.5845253956633688, 0.5758830169178792, 0.5689307507694952, 0.5563818558162411, 0.545406197080549, 0.5402257949311212, 0.5279613589608906, 0.5192631313737655, 0.5124013777994951, 0.5045761450631729, 0.4914624356276152, 0.48843547993937864, 0.48346226689041844, 0.46428395513667176, 0.46634798720972426], "val_loss": [0.24219236588105558, 0.23714626040309666, 0.21886697644367814, 0.22267849277704954, 0.20922323297709228, 0.20747344237752258, 0.21626046989113093, 0.21611220026388764, 0.2204278463497758, 0.2041880995966494, 0.21780298557132483, 0.2064493229612708, 0.2032892036251724, 0.20812607128173113, 0.2416267989203334, 0.2029393224976957, 0.20303837275132536, 0.20430385116487743, 0.20401684595271946, 0.2030956320464611, 0.1974084316752851, 0.2137365212664008, 0.20218427004292608, 0.20423894207924603, 0.201134018227458, 0.20167537014931441, 0.19680307283997536, 0.20036924984306098, 0.2055351202376187, 0.20247988402843475, 0.21158963553607463, 0.19018848910927771, 0.1951126459054649, 0.22005325555801392, 0.2057948399335146, 0.20672343401238322, 0.22341542541980744, 0.19721035500988365, 0.21068073827773331, 0.19808719735592603, 0.21101203681901098, 0.20802146699279547, 0.19997829291969538, 0.20583253810182214, 0.21829747632145882, 0.20988329816609622, 0.20598635198548437, 0.22392599945887923, 0.20351778268814086, 0.21080722752958536, 0.21519088540226222, 0.20981305064633488]}