{"loss": [1.4176777986501226, 0.8372893147910667, 0.8270362934529386, 0.7993879417709957, 0.7952287239744174, 0.7750315434490608, 0.7678706332547776, 0.7686143161445264, 0.75769742719385, 0.7516053618184778, 0.7479313114620992, 0.7426534104820909, 0.7337160759019535, 0.7236690698869971, 0.7224284294030524, 0.7252953305939176, 0.7194331861094924, 0.711785552833254, 0.7095637424102682, 0.710126059063223, 0.713059451958991, 0.7018321207422294, 0.6992703962010264, 0.6958632879699302, 0.6889761405670091, 0.6785578797589864, 0.6754011228779294, 0.6686979625793482, 0.6759037063611264, 0.6650744307120114, 0.6611529397648691, 0.6498310378845165, 0.6469045668248309, 0.6368386874135756, 0.6391096637738461, 0.6245071434422045, 0.6212998557959172, 0.6084151766947563, 0.6020260996771175, 0.5963321707106584, 0.5843636313811044, 0.5756476983724051, 0.565055453027321, 0.5606632336875461, 0.5465012141410878, 0.5455086789383794, 0.5341151851691948, 0.518006352873038, 0.5127963257151724, 0.5041870947705199, 0.4972754027669793, 0.4873965157578323, 0.47722105419398936, 0.4691303039228679, 0.4644465987650764, 0.4614026703187172], "val_loss": [0.24272717023268342, 0.2216382403858006, 0.21933173686265944, 0.21398064005188644, 0.21021395977586507, 0.22220800388604403, 0.2104698821902275, 0.21371366670355202, 0.20878097852692007, 0.19914455618709326, 0.20454869335517287, 0.20780767919495702, 0.22608520407229662, 0.20023987181484698, 0.1960881009697914, 0.23083810741081834, 0.21372761176899074, 0.2024425202049315, 0.20180605314671993, 0.20216546403244137, 0.21200994336977602, 0.19484370294958353, 0.20355120981112124, 0.20233708592131733, 0.2096025686711073, 0.19471836546435953, 0.19930254835635425, 0.2101699287071824, 0.20146457981318236, 0.21735508237034082, 0.195909285498783, 0.19857697580009698, 0.2036646394059062, 0.2001491507515311, 0.2000388139858842, 0.193631494557485, 0.20020990269258618, 0.1955734455026686, 0.20616244673728942, 0.19782872805371882, 0.19908130057156087, 0.2001685437746346, 0.19970786515623332, 0.20621986454352736, 0.20017158379778266, 0.21056990660727024, 0.20297313295304775, 0.20317928548902273, 0.20596867287531495, 0.216503731533885, 0.20678562466055156, 0.21311519294977188, 0.2060548157431185, 0.20149572771042584, 0.21252122540026902, 0.20689842365682126]}