{"loss": [1.18816262799383, 0.8189460910708699, 0.80685003135378, 0.7924084154975335, 0.777452535660851, 0.7652432739339917, 0.7659997775065188, 0.7523284666585607, 0.74650497286525, 0.7372410070817202, 0.722345178648336, 0.7268316470234599, 0.727484871220115, 0.729526288462001, 0.7077696880362682, 0.7155221234883694, 0.6978851056256831, 0.7140827496320207, 0.6976167208311573, 0.6909779514698003, 0.6783051816438208, 0.6760709475207802, 0.6713326740343839, 0.6665128692096433, 0.6589617336822662, 0.6515644276773693, 0.6505603064764415, 0.6336076841449106, 0.6269302380400777, 0.6185445576708838, 0.6075066613835215, 0.6021330293440661, 0.5865224391814099, 0.5740316299413214, 0.5631241167223217, 0.5543279673090045], "val_loss": [0.25671104732900857, 0.2235975295305252, 0.21538877887651325, 0.2082265273667872, 0.22028195867314934, 0.22645168267190458, 0.21220528846606612, 0.20422207517549396, 0.2019248676020652, 0.20754466038197278, 0.20291650956496596, 0.2079822243191302, 0.20408555092290043, 0.20701606385409832, 0.19519645953550935, 0.19467297894880176, 0.20489386999979614, 0.1971106654033065, 0.22232485925778747, 0.20141061525791884, 0.2098112284205854, 0.20130426110699773, 0.22128691049292684, 0.21405126908794045, 0.2006980162113905, 0.20422074627131223, 0.19957669638097286, 0.2006469454616308, 0.19823234593495725, 0.20338292764499782, 0.21627019494771957, 0.21000911425799132, 0.2022272128611803, 0.19922727700322868, 0.19637947594746946, 0.20224190102890133]}