{"loss": [1.112163250256848, 0.8456595124787842, 0.823015348484974, 0.8145805463096164, 0.8022386462483185, 0.7970538474866097, 0.7892781124209726, 0.7812202950187077, 0.7710713507718597, 0.7723841865331131, 0.7705740055501066, 0.7618886377637749, 0.7542969326309811, 0.7546189935002106, 0.7441197933740173, 0.738276445707738, 0.7360160945267077, 0.7343405834096947, 0.7297287335064238, 0.7298062513995645, 0.724468411001938, 0.7164544112634975, 0.7110740264125218, 0.7078945302015899, 0.7066815337992662, 0.696811124978476, 0.6975699365139008, 0.6895667709262165, 0.6867315748274722, 0.6823796722273163, 0.6763114589334324, 0.6738666846657431, 0.6671161272667891, 0.6610303115371047, 0.6603719901170162, 0.658640711275947, 0.6498786583641507, 0.6444903562795248, 0.6365887474540054, 0.633982542492696, 0.6280086200363588, 0.6244496418150844, 0.6125289948176075, 0.6057733129191872, 0.6014218262094535, 0.5939300912500217, 0.5900496435086459, 0.577844663211052, 0.5721323995400738, 0.563356489219413, 0.5569847121143973, 0.5482022604800219, 0.5438921595251324, 0.535329399558882, 0.5283560017086812, 0.520317339502423, 0.511959003731115, 0.5071282500857549, 0.4981641065600692, 0.4886372652669616, 0.4866535150846898, 0.4811024271889238], "val_loss": [0.2274821641854942, 0.23020383035764097, 0.22254060208797455, 0.2129606671631336, 0.23905980885028838, 0.21570498552173376, 0.22085585286840798, 0.2224914117716253, 0.20928301187232137, 0.20654872693121434, 0.2204638198018074, 0.2083261651918292, 0.2181638282723725, 0.21365510267205537, 0.20476588560268283, 0.20692762611433863, 0.20484524173662066, 0.20747498748824, 0.20452953316271305, 0.20138615192845463, 0.19989494001492858, 0.20607227375730872, 0.19928470589220523, 0.19914424205198883, 0.20256924042478203, 0.19785047154873608, 0.21613012105226517, 0.2019380307290703, 0.20432453481480478, 0.19630744885653256, 0.19682851089164616, 0.19803637359291315, 0.20767776910215616, 0.20189880598336457, 0.19758754605427384, 0.19383035628125073, 0.19820536933839322, 0.19375011883676052, 0.20567951695993542, 0.1927203420549631, 0.21451685605570675, 0.1900558102875948, 0.2022560358978808, 0.19718860602006316, 0.19810183756053448, 0.20105978716164827, 0.19498454537242652, 0.19623283920809625, 0.20295701324939727, 0.2036133322864771, 0.19520501038059593, 0.20505608385428786, 0.2012242428958416, 0.20358341932296753, 0.19662218345329166, 0.2074319296516478, 0.20075289765372872, 0.20101943407207729, 0.20333114452660084, 0.2154333211481571, 0.2021757007576525, 0.21089102197438478]}