{"loss": [1.0619648017630672, 0.8402568779244328, 0.8113721520695465, 0.8070007839739718, 0.7995946687578366, 0.7989390307704345, 0.789017722306662, 0.7852507597563283, 0.7677821527253713, 0.77291152978575, 0.7724825705124053, 0.7575741592227229, 0.7476600938285424, 0.7492562329137562, 0.7476359235529868, 0.7405826302948377, 0.7360429362745474, 0.7293247550528571, 0.7282043736502035, 0.7230853690216873, 0.713160480489794, 0.712386077958227, 0.7096490084730237, 0.7039270564420333, 0.7051564502400278, 0.6933412227014832, 0.6961043089430853, 0.6832390518772681, 0.6805265487424585, 0.6793696679816341, 0.6694835567316472, 0.6687360916311378, 0.6694827436611352, 0.6536759783890074, 0.6483514402875837, 0.647028097174815, 0.6394950147890887, 0.6336037380016403, 0.6273537148703013, 0.6205519077004187, 0.619705210616257, 0.6077424879500408, 0.6024324050407536, 0.592237670176866, 0.5907770874484486, 0.5806236275773964, 0.5742910625918811, 0.5658071176105777, 0.5559159349132058, 0.5504841915424297, 0.5418389535108149, 0.53847774934295, 0.5293735697174704, 0.5245646190959097, 0.5154858760881108, 0.5083310582385158, 0.5034964007257626, 0.4966300736594674], "val_loss": [0.23760653408244253, 0.22109497524797916, 0.2295548500493169, 0.21885412149131298, 0.24943311475217342, 0.21988870427012444, 0.21602627336978913, 0.21523550553247334, 0.21506262943148613, 0.22732490776106715, 0.21156405359506608, 0.20753913670778273, 0.2208968000486493, 0.2012773144990206, 0.20959494318813085, 0.21920766029506922, 0.2088314602151513, 0.2111212069168687, 0.2084570312872529, 0.2063954927958548, 0.20972562320530413, 0.20511937430128455, 0.21530722919851542, 0.2017616449855268, 0.19929943652823567, 0.19711007429286836, 0.1974032737314701, 0.19559502908959986, 0.1940341184847057, 0.19398723170161247, 0.22562298700213432, 0.19471569675952197, 0.2035842132754624, 0.19178432542830706, 0.19383192909881472, 0.19553163768723608, 0.19271909575909377, 0.19019629256799817, 0.20199251733720303, 0.19326752433553337, 0.19874256690964104, 0.19233423387631773, 0.1974588070064783, 0.19993866998702287, 0.1999583575874567, 0.19504531063139438, 0.19317465960048139, 0.20426082061603665, 0.19676829176023602, 0.20399088524281977, 0.1978289362974465, 0.19182383995503188, 0.20312445173040033, 0.1941140355542302, 0.20452035879716277, 0.19852051958441735, 0.19414568929933013, 0.19890338527038692]}