{"loss": [1.3553629028086631, 0.8254217739926268, 0.8035039123320422, 0.7876659955409978, 0.777094138300182, 0.7747906079750188, 0.757891022290615, 0.7569956223696273, 0.7526538340461175, 0.7416463836139401, 0.7390208619714572, 0.7470111113510385, 0.7309611341811174, 0.7255716268589955, 0.73035546312269, 0.7254337499868001, 0.724329052303011, 0.7291368409497848, 0.7085305138139535, 0.69752308548681, 0.703041980953406, 0.6959639184127581, 0.6972603402785118, 0.7033535513656818, 0.6775087456040035, 0.6834524057558831, 0.6811674904349624, 0.67273607021136, 0.6618240455917964, 0.6637561893621028, 0.6689389639737591, 0.6480526212035426, 0.6461222989669698, 0.639627710162409, 0.6300114861782024, 0.6248471965063487, 0.6133604961909995, 0.6225304751996174, 0.6016261034059208, 0.5865618243517465, 0.5828305039974238, 0.5751144617203845, 0.5690234019266849, 0.5578401156608632, 0.5423003837367557, 0.5403633456356478, 0.5267874260217149, 0.5211276768453863, 0.5070176124967487, 0.5014366458583351, 0.4939831255287524, 0.4837461521688676, 0.47662177038508535, 0.4710873995395686, 0.46387949925384775], "val_loss": [0.23087027128785848, 0.21803063033148645, 0.21181326042860746, 0.23069266499951482, 0.21411764165386557, 0.20657705450430514, 0.20793986795470118, 0.20369233484379948, 0.2043882823549211, 0.20534021481871606, 0.20368548277765514, 0.20459483796730638, 0.22440347354859114, 0.19924471881240607, 0.20307404976338148, 0.22167305368930101, 0.21255764020606877, 0.20226775910705327, 0.20957046849653124, 0.20277182096615434, 0.20186362713575362, 0.20541607374325394, 0.19627475691959262, 0.2025260620750487, 0.20717834336683155, 0.19704141467809677, 0.2123276524245739, 0.21531100999563932, 0.20190657246857882, 0.197350228857249, 0.20357199292629957, 0.2112611962482333, 0.25179479252547027, 0.21459214705973864, 0.19332304866984487, 0.19784209532663227, 0.20753258634358646, 0.19939979379996658, 0.19397624703124167, 0.20414063688367606, 0.1989200863055885, 0.20380903529003264, 0.19759722268208862, 0.20164839178323746, 0.1964809357188642, 0.20613112952560186, 0.20742093119770288, 0.209093027561903, 0.20403945352882147, 0.21561326906085015, 0.21133367931470276, 0.21514162551611662, 0.22008900456130503, 0.20771869821473957, 0.20912061631679535]}